Feat1,Feat2,Feat3,RMSE,MAE,MAPE_pct,R2
SpectralEntropy,PeakAmp,Bandwidth_Hz,227.882036644186,173.71819791994,29.3861525882218,0.806219496419238
SpectralEntropy,TotalEnergy,SpectralCentroid_Hz,233.177037530317,168.66185119946,30.526024249764,0.797109619555616
SpectralEntropy,BandE_5k_10k,Bandwidth_Hz,242.311501312816,167.122879465742,33.1849834178088,0.780902232376484
SpectralEntropy,Crest,Kurtosis,242.719520805137,170.94778628002,29.7013744793425,0.780163749680492
SpectralEntropy,Kurtosis,BandE_5k_10k,245.752786198686,181.699080095569,34.4870004178576,0.774634830351557
SpectralEntropy,BandE_5k_10k,Skewness,248.801319896682,177.810361993926,33.9970739047469,0.769008895382883
SpectralEntropy,HighLowBandRatio,PeakToPeak,248.840067565677,190.482947777363,35.1551195293999,0.768936941875404
SpectralEntropy,Bandwidth_Hz,PeakToPeak,250.081503763392,187.262968513646,34.3674162260471,0.766625693698572
SpectralEntropy,Kurtosis,SpectralCentroid_Hz,250.375086854347,183.167713098036,35.0116471675324,0.766077432706896
SpectralEntropy,BandE_5k_10k,PeakToPeak,250.816027664702,172.061026872064,33.9609788729814,0.765252775318049
SpectralEntropy,BandE_0k_5k,SpectralCentroid_Hz,250.945732352633,187.322607538467,29.2971254581839,0.765009922510316
SpectralEntropy,HighLowBandRatio,Bandwidth_Hz,251.197030321163,178.740799804442,35.4908054997184,0.764539047024588
SpectralEntropy,BandE_5k_10k,TotalEnergy,251.328931602911,177.797145327796,32.8848771770394,0.764291705282596
SpectralEntropy,ZeroCrossRate_Hz,Bandwidth_Hz,253.914239052107,179.009495641704,35.3944099028411,0.759417514262902
SpectralEntropy,PeakAmp,SpectralCentroid_Hz,254.951635122691,184.505965318922,34.3918844798427,0.7574476431054
SpectralEntropy,BandE_0k_5k,PeakToPeak,255.724812665986,180.334084525359,32.2438414176342,0.755974262474999
SpectralEntropy,BandE_0k_5k,Bandwidth_Hz,256.046598098161,180.384539032078,36.6086965038766,0.755359747747386
SpectralEntropy,TotalEnergy,PeakToPeak,256.456746300347,186.325101197311,35.7547977722005,0.754575366121521
SpectralEntropy,PeakAmp,HighLowBandRatio,256.508226048643,195.050378558,37.4036384447902,0.754476825789551
SpectralEntropy,ZeroCrossRate_Hz,BandE_0k_5k,258.513695119921,183.71810464167,36.2131099885271,0.750622649468387
SpectralEntropy,Bandwidth_Hz,SpectralCentroid_Hz,261.946265440218,191.409890268768,38.2308143363137,0.743956168198198
SpectralEntropy,ZeroCrossRate_Hz,SpectralCentroid_Hz,262.382059141242,188.538665905191,37.6432080334878,0.743103511587248
SpectralEntropy,Crest,ZeroCrossRate_Hz,262.632614014352,197.692784203478,37.1592968966744,0.742612644186493
SpectralEntropy,Crest,PeakAmp,263.100260915641,187.71204185329,36.478515866205,0.741695213860609
SpectralEntropy,PeakToPeak,SpectralCentroid_Hz,263.565296578023,200.09769405528,33.384336252837,0.740781287776786
SpectralEntropy,PeakAmp,BandE_0k_5k,263.60929554206,194.791187358291,35.9636336356902,0.740694733841679
SpectralEntropy,Kurtosis,ZeroCrossRate_Hz,265.772218465092,200.983122563457,39.1390260171258,0.736422060305076
SpectralEntropy,HighLowBandRatio,SpectralCentroid_Hz,266.640620685407,193.498650529401,40.0967641897358,0.734696781286207
SpectralEntropy,HighLowBandRatio,Skewness,267.008654974394,201.152256335637,39.9998918824317,0.733963899205873
SpectralEntropy,Crest,HighLowBandRatio,267.235485274268,198.144110987353,37.6393640675007,0.733511699026712
SpectralEntropy,BandE_5k_10k,BandE_0k_5k,267.48216585222,201.105595726446,35.3231071125765,0.733019490227284
SpectralEntropy,PeakToPeak,Skewness,267.676047756195,191.104294301496,36.0403201081018,0.732632313390723
SpectralEntropy,HighLowBandRatio,TotalEnergy,267.873870281851,195.325309437966,39.5344164160296,0.732236978090292
SpectralEntropy,ZeroCrossRate_Hz,PeakToPeak,268.88778744603,189.73279547732,37.7564630334828,0.730206146752654
SpectralEntropy,BandE_5k_10k,SpectralCentroid_Hz,269.488552445317,198.870056370799,38.0025259446937,0.728999221194768
SpectralEntropy,PeakAmp,Skewness,270.595853317735,188.147329093761,35.715863036766,0.726767616966442
SpectralEntropy,HighLowBandRatio,BandE_0k_5k,271.481290658655,205.273587823209,36.2600676338544,0.724976562367669
SpectralEntropy,BandE_5k_10k,HighLowBandRatio,273.512506096479,201.609312369276,37.9764961421223,0.720845731216222
SpectralEntropy,TotalEnergy,Skewness,273.522970217212,199.563640731566,37.0023524265818,0.720824370877774
SpectralEntropy,HighLowBandRatio,ZeroCrossRate_Hz,274.470073041573,193.456038101591,40.6835322666953,0.718887672125941
SpectralEntropy,Crest,SpectralCentroid_Hz,276.729971244547,205.278695840514,38.3844888506592,0.714239437769463
SpectralEntropy,Kurtosis,TotalEnergy,277.765875504762,192.775432092714,38.1317229557722,0.712096015135347
SpectralEntropy,Bandwidth_Hz,TotalEnergy,278.397188330463,204.798979143741,34.2243958966461,0.710785817982987
SpectralEntropy,Kurtosis,Bandwidth_Hz,279.454140227938,196.431365452912,40.4933939580693,0.708585610738987
SpectralEntropy,PeakAmp,ZeroCrossRate_Hz,280.203425422935,193.943228697434,40.1050558775011,0.707020808617026
SpectralEntropy,Kurtosis,BandE_0k_5k,280.210312563738,197.295878829796,40.7296325770266,0.707006406125421
SpectralEntropy,ZeroCrossRate_Hz,TotalEnergy,280.97145176038,206.531192148931,31.4431740745186,0.705412519107268
SpectralEntropy,PeakAmp,BandE_5k_10k,281.07793633152,195.707033864547,35.7194855789283,0.70518918705273
SpectralEntropy,BandE_5k_10k,ZeroCrossRate_Hz,282.992499334994,216.010198519628,36.6004187362319,0.701159299796555
SpectralEntropy,BandE_0k_5k,TotalEnergy,283.312096862519,205.359937829507,36.9966936414092,0.700483927265287
SpectralEntropy,PeakAmp,TotalEnergy,285.848723372281,202.236213431251,34.1763861585545,0.695096500008413
SpectralEntropy,Crest,Skewness,285.925417921465,199.561907501586,40.0857208975237,0.694932863989489
SpectralEntropy,PeakAmp,PeakToPeak,288.89937532943,202.310626609625,36.4262348308748,0.688553753389356
SpectralEntropy,Crest,Bandwidth_Hz,290.929695333606,213.02678057884,39.8708875402749,0.684160822458457
SpectralEntropy,Crest,BandE_5k_10k,292.80498670628,197.322982008169,34.2801599005644,0.680075990938178
SpectralEntropy,Kurtosis,Skewness,293.524579726371,197.435606207221,41.5428805226095,0.678501578063634
SpectralEntropy,Crest,PeakToPeak,299.625529750961,210.6198964726,42.0055186086256,0.66499790302758
SpectralEntropy,Bandwidth_Hz,Skewness,303.856400100529,215.7628053457,42.6752812697715,0.65547029496425
SpectralEntropy,ZeroCrossRate_Hz,Skewness,305.482422178011,220.221406378985,37.9079621022445,0.651773075910094
SpectralEntropy,SpectralCentroid_Hz,Skewness,305.907522760519,210.115975642877,36.7925576063316,0.650803236366506
SpectralEntropy,Crest,BandE_0k_5k,308.887418034381,220.549492643051,36.3837220356979,0.643966935274561
SpectralEntropy,Crest,TotalEnergy,309.646347260389,230.368350218692,42.7790202113613,0.64221525602311
SpectralEntropy,Kurtosis,HighLowBandRatio,314.195212841667,215.315742737336,46.3723823007301,0.631625954777724
SpectralEntropy,BandE_0k_5k,Skewness,314.390674270345,216.173287621459,40.6607934517957,0.63116747985005
SpectralEntropy,Kurtosis,PeakToPeak,332.657035418251,219.714747452877,48.1607182801954,0.587063453394458
SpectralEntropy,PeakAmp,Kurtosis,355.695290215108,239.946126838043,49.2214735373213,0.52788681962202
PeakAmp,TotalEnergy,PeakToPeak,382.16596308105,277.439007460601,31.9644429909075,0.455003258910017
PeakAmp,PeakToPeak,Skewness,395.276490423954,312.516824138253,42.1628025051101,0.416968706604048
Crest,PeakAmp,TotalEnergy,397.023688191898,289.625639443388,32.3021798117033,0.411803095394842
PeakAmp,ZeroCrossRate_Hz,TotalEnergy,400.042944067965,294.37208903894,33.8040591247152,0.402822927745489
PeakAmp,TotalEnergy,SpectralCentroid_Hz,400.527562061517,303.864153231535,39.0455178945093,0.401375192934748
PeakAmp,BandE_0k_5k,PeakToPeak,403.727821308119,315.872919707299,42.9056111702351,0.391770819597898
PeakAmp,TotalEnergy,Skewness,403.941343276998,301.597724499907,35.353608829563,0.391127293797021
PeakAmp,BandE_5k_10k,PeakToPeak,407.713969114994,323.371369043982,44.4078536718752,0.379701003170764
PeakAmp,HighLowBandRatio,PeakToPeak,409.208500335012,318.688803612002,43.0499463973574,0.375145086952878
PeakAmp,ZeroCrossRate_Hz,PeakToPeak,411.941832838962,317.091494320671,37.5433578430987,0.366769697030537
PeakAmp,Bandwidth_Hz,TotalEnergy,412.823654606446,316.313596807675,35.7556260394576,0.364055751104773
Crest,PeakAmp,PeakToPeak,416.372027534507,326.709172001233,47.3118494009422,0.353076412351719
PeakAmp,PeakToPeak,SpectralCentroid_Hz,420.433533655003,314.406699813772,41.172104853444,0.340394008879144
PeakAmp,HighLowBandRatio,TotalEnergy,423.572814942567,319.882482070993,39.0988880054977,0.330506979139762
PeakAmp,Kurtosis,TotalEnergy,432.180960804631,334.038431740107,37.5010482184827,0.303018650330444
PeakAmp,BandE_0k_5k,TotalEnergy,435.977728801527,330.052639104749,38.6966664676196,0.290718708076093
PeakAmp,Bandwidth_Hz,SpectralCentroid_Hz,443.039629447424,331.335071889552,46.2315939153265,0.2675549537464
Crest,PeakAmp,ZeroCrossRate_Hz,443.593180857085,328.98395481661,44.2217611925691,0.265723518131646
Crest,PeakAmp,SpectralCentroid_Hz,448.191950996091,322.9399789986,44.0255638118418,0.250419980851194
PeakAmp,Bandwidth_Hz,PeakToPeak,451.387859774549,362.278850715627,47.9189031504127,0.239691852261238
PeakAmp,Kurtosis,PeakToPeak,452.97967049212,348.512012431971,57.0594799912505,0.234319972521146
Crest,BandE_5k_10k,PeakToPeak,456.666724706497,341.08560272211,45.665947153484,0.221804650686601
PeakAmp,SpectralCentroid_Hz,Skewness,460.258881576836,340.553226859132,46.028143881846,0.209513875045612
PeakAmp,BandE_0k_5k,Bandwidth_Hz,460.730852819968,364.423527198066,47.6067420052966,0.207891840037032
PeakAmp,Kurtosis,SpectralCentroid_Hz,462.602807102401,340.039861194976,47.6608216711533,0.201442076365747
Crest,TotalEnergy,SpectralCentroid_Hz,466.234187685014,369.046808375076,50.2289617652275,0.18885568686321
Crest,TotalEnergy,PeakToPeak,467.114031075653,356.079284729553,48.6689979681903,0.185791332578584
PeakAmp,BandE_0k_5k,SpectralCentroid_Hz,469.25614125494,361.20895312627,45.2135179726368,0.178306548579197
PeakAmp,BandE_5k_10k,TotalEnergy,471.537500238151,367.712036855132,44.6479254007982,0.170297555870122
PeakAmp,BandE_5k_10k,Skewness,472.848441305478,351.807488825324,41.2839381562387,0.16567776221772
PeakAmp,BandE_5k_10k,Bandwidth_Hz,475.991632518561,347.753635645814,41.5408170477208,0.154548824392649
PeakAmp,BandE_5k_10k,SpectralCentroid_Hz,478.962639043864,349.065942987274,40.809207364776,0.143961747261539
PeakAmp,ZeroCrossRate_Hz,SpectralCentroid_Hz,479.845063306185,344.410109395899,46.232871990931,0.140804570841838
Crest,HighLowBandRatio,PeakToPeak,479.853899474311,386.714092878832,54.4186228869794,0.140772927022834
BandE_5k_10k,HighLowBandRatio,PeakToPeak,481.220137921003,360.961739362191,50.3046226699671,0.135873184672754
Crest,PeakToPeak,SpectralCentroid_Hz,481.552303012966,374.308169350513,53.0404885791897,0.134679835502598
BandE_5k_10k,ZeroCrossRate_Hz,TotalEnergy,481.849385309732,367.795855513133,55.4648083993234,0.133611828570324
PeakAmp,BandE_5k_10k,ZeroCrossRate_Hz,482.323709114201,365.941338704855,42.1348264040506,0.131905275397074
Crest,BandE_0k_5k,SpectralCentroid_Hz,485.292360077111,381.168462814278,52.6553452541256,0.121186328816542
Crest,TotalEnergy,Skewness,485.822901783387,385.951889530284,50.9750405263715,0.119263767476548
Crest,PeakAmp,Bandwidth_Hz,488.268487930314,362.59581697476,45.5084492459171,0.110374365078659
BandE_5k_10k,Bandwidth_Hz,PeakToPeak,488.330594143741,362.870175530867,48.5493060038556,0.11014803552919
Crest,HighLowBandRatio,ZeroCrossRate_Hz,488.393489042095,388.033168561735,55.1800069429869,0.109918802490376
Crest,PeakToPeak,Skewness,489.047155233672,391.282020869388,49.179901074719,0.107534637463211
Crest,HighLowBandRatio,TotalEnergy,489.285647216028,374.026949752962,49.4253453238559,0.106663974051214
BandE_5k_10k,BandE_0k_5k,PeakToPeak,490.4838153891,377.744090529638,48.4057950912424,0.102283394472209
Crest,PeakAmp,Kurtosis,490.947372631801,364.583317142351,46.8353037827875,0.100585725068521
Crest,Bandwidth_Hz,TotalEnergy,491.60441724799,376.009920797517,50.8458052095329,0.0981767061648965
PeakAmp,Kurtosis,BandE_0k_5k,492.780576713084,395.491625401531,52.8176957741971,0.0938563347067681
PeakAmp,HighLowBandRatio,ZeroCrossRate_Hz,494.541843019426,374.045656662605,49.3982838408875,0.0873673922688042
ZeroCrossRate_Hz,PeakToPeak,SpectralCentroid_Hz,495.9431796176,382.821686876375,48.8402868339923,0.0821879824820883
BandE_5k_10k,TotalEnergy,PeakToPeak,496.157139331856,376.49292865989,51.2302661629823,0.0813958870765239
Crest,HighLowBandRatio,Bandwidth_Hz,496.534628959019,382.313725335154,56.9181439778315,0.079997558159807
PeakAmp,BandE_5k_10k,BandE_0k_5k,497.71951727702,386.436101059222,45.3231655446809,0.0756014868943046
Crest,PeakAmp,BandE_5k_10k,498.088439164725,374.710568159675,40.9732877640599,0.0742306054126339
Crest,Bandwidth_Hz,PeakToPeak,498.288725528305,390.925761427287,49.6144459532706,0.0734859333809563
Crest,Kurtosis,BandE_0k_5k,499.075388901821,391.623124518019,58.231465546181,0.0705581929916146
PeakAmp,Kurtosis,BandE_5k_10k,499.246550301715,385.885439063679,45.4819232366273,0.0699205665170239
Crest,ZeroCrossRate_Hz,PeakToPeak,499.50913478268,409.231147037637,57.0251113130994,0.0689419372146249
BandE_5k_10k,TotalEnergy,SpectralCentroid_Hz,500.772132494432,363.322792501422,51.5137088844763,0.064227665663277
PeakAmp,ZeroCrossRate_Hz,Skewness,501.834127627482,367.415972639681,45.9273400836421,0.0602544436391405
Crest,HighLowBandRatio,SpectralCentroid_Hz,503.917825045832,401.522763016472,60.3715386460648,0.0524342873296548
Kurtosis,BandE_5k_10k,PeakToPeak,504.122993473614,384.942803038023,48.9521006243627,0.0516625339420037
PeakAmp,Bandwidth_Hz,Skewness,504.186239249499,380.879673774583,49.407040256981,0.0514245678029026
Crest,ZeroCrossRate_Hz,TotalEnergy,504.207256307488,396.265561457073,52.8783529708052,0.0513454832153608
Crest,PeakAmp,BandE_0k_5k,505.191274897757,403.462838228388,51.3322189303667,0.0476390526599144
Crest,BandE_0k_5k,Skewness,505.423844772652,393.675424713687,52.7065690288292,0.0467619929794884
BandE_5k_10k,BandE_0k_5k,TotalEnergy,506.544885165662,374.120870293303,53.2768335718828,0.0425287007449123
Crest,ZeroCrossRate_Hz,Bandwidth_Hz,506.870863080554,401.902498980736,55.9743249608328,0.0412959771119279
Kurtosis,ZeroCrossRate_Hz,TotalEnergy,506.935958989502,411.333769393696,62.5865124131791,0.0410497143189927
Crest,Kurtosis,TotalEnergy,507.088353470638,389.246850765484,61.351270691979,0.0404730706832259
PeakAmp,Kurtosis,Skewness,507.177399836857,376.459815545451,55.3224319723315,0.0401360489877332
PeakAmp,ZeroCrossRate_Hz,BandE_0k_5k,507.544114167021,386.683233077012,47.008923047866,0.0387474890039391
PeakAmp,ZeroCrossRate_Hz,Bandwidth_Hz,508.276894083931,385.642698334852,48.8050932584756,0.03596981902971
Crest,Kurtosis,BandE_5k_10k,508.418656459622,385.97326999981,59.9651467539179,0.0354319930199158
PeakAmp,BandE_0k_5k,Skewness,511.937780606537,404.816983434558,53.1666737610029,0.0220328694456202
BandE_5k_10k,PeakToPeak,Skewness,512.200228138023,374.263026106224,51.1095042114592,0.0210298926803013
ZeroCrossRate_Hz,SpectralCentroid_Hz,Skewness,513.485520131138,397.859144334975,53.3691676735326,0.0161105619789798
HighLowBandRatio,ZeroCrossRate_Hz,SpectralCentroid_Hz,514.536240224116,386.5880102335,50.3313707673367,0.0120798734379114
Crest,BandE_5k_10k,SpectralCentroid_Hz,515.45677817084,391.062300123362,53.6562890403812,0.00854180790679437
ZeroCrossRate_Hz,TotalEnergy,SpectralCentroid_Hz,516.040414632607,403.675286700553,55.6308455768623,0.0062953392578885
Kurtosis,ZeroCrossRate_Hz,BandE_0k_5k,516.274272875475,408.015378504779,64.0426333177323,0.00539448469132908
BandE_5k_10k,PeakToPeak,SpectralCentroid_Hz,516.696425475117,390.252818373337,51.4503646325108,0.00376726059742549
Crest,BandE_5k_10k,HighLowBandRatio,518.653848197423,395.821887057684,55.3755723210136,-0.00379517734447954
Crest,Bandwidth_Hz,Skewness,518.657267503024,387.520670930572,51.9979958705022,-0.00380841273759636
BandE_5k_10k,Bandwidth_Hz,TotalEnergy,518.766810824934,395.755789984305,55.6751358375427,-0.00423247744128652
BandE_5k_10k,Bandwidth_Hz,SpectralCentroid_Hz,519.728726958606,388.542534830859,55.1857915561955,-0.00796009835378153
Crest,BandE_0k_5k,TotalEnergy,520.258040658042,407.746997976487,56.6704234457081,-0.0100142421565854
BandE_5k_10k,HighLowBandRatio,TotalEnergy,521.425416109238,386.357404716625,61.5353762318464,-0.0145519467437158
PeakAmp,Kurtosis,ZeroCrossRate_Hz,521.530094460465,393.23161224527,58.9879211921102,-0.0149593387961524
ZeroCrossRate_Hz,BandE_0k_5k,SpectralCentroid_Hz,522.650842526974,408.017002936629,60.8953281939627,-0.019326242893148
BandE_5k_10k,TotalEnergy,Skewness,522.951673030298,390.252178136826,56.6162310221892,-0.0205000004071905
ZeroCrossRate_Hz,BandE_0k_5k,PeakToPeak,523.046625969514,418.257978556809,58.1195416941113,-0.0208706207783704
PeakAmp,BandE_5k_10k,HighLowBandRatio,524.323936962638,384.350473790191,58.056618907011,-0.0258627625375818
BandE_5k_10k,HighLowBandRatio,SpectralCentroid_Hz,524.501606206894,383.347707346512,51.3921544887685,-0.0265581156556214
ZeroCrossRate_Hz,Bandwidth_Hz,SpectralCentroid_Hz,524.805177615807,420.523017368305,63.5595409799624,-0.0277467635971931
Crest,BandE_5k_10k,BandE_0k_5k,524.994875734469,411.095549902576,52.2321321750555,-0.0284898845556976
Crest,ZeroCrossRate_Hz,BandE_0k_5k,525.890579270548,421.092982749548,55.5390490192257,-0.032002329823499
Crest,HighLowBandRatio,Skewness,525.95402432986,403.560232879195,61.9222808513035,-0.0322513527236492
Crest,Bandwidth_Hz,SpectralCentroid_Hz,526.015159239475,414.867852313898,58.90951308697,-0.0324913366685038
Kurtosis,Bandwidth_Hz,Skewness,526.444874788696,416.94852773526,62.6726589923177,-0.0341789641063031
Crest,PeakAmp,Skewness,527.037584583412,412.81007432678,52.976256619807,-0.0365089822821363
Crest,BandE_5k_10k,ZeroCrossRate_Hz,527.395012991605,414.844332037194,55.1707271845086,-0.0379153464295217
Crest,Kurtosis,SpectralCentroid_Hz,527.864298410554,414.579192906582,65.3277785282722,-0.0397632791241116
ZeroCrossRate_Hz,BandE_0k_5k,TotalEnergy,527.92608607772,407.58694606218,57.8498342598544,-0.0400067064882947
Crest,SpectralCentroid_Hz,Skewness,529.126544832193,406.550776598646,55.4621911171169,-0.0447418565886326
PeakAmp,HighLowBandRatio,SpectralCentroid_Hz,529.564104274144,366.129936042258,60.8872992815626,-0.0464704626547714
BandE_5k_10k,ZeroCrossRate_Hz,PeakToPeak,533.575775639394,401.335124088362,52.2661722854239,-0.0623854264057082
Crest,ZeroCrossRate_Hz,SpectralCentroid_Hz,535.407749051845,411.856743159472,61.4152477000273,-0.0696931157026091
HighLowBandRatio,ZeroCrossRate_Hz,Bandwidth_Hz,535.857679352255,413.388207291141,53.5197651469221,-0.0714917059203886
BandE_0k_5k,TotalEnergy,PeakToPeak,535.896880786116,419.90303509579,61.3464120900659,-0.0716484846670307
BandE_0k_5k,Bandwidth_Hz,TotalEnergy,538.277857328555,421.977217793869,63.2293614794234,-0.0811922542850316
Crest,BandE_5k_10k,Bandwidth_Hz,538.313127830285,403.505636079955,49.1605455952822,-0.0813339485498861
Crest,ZeroCrossRate_Hz,Skewness,539.56509672673,428.99634469015,61.0728304291558,-0.086369570681623
BandE_0k_5k,PeakToPeak,Skewness,542.739594417338,430.58163985837,62.360447873279,-0.0991903508048191
HighLowBandRatio,ZeroCrossRate_Hz,BandE_0k_5k,542.76716442397,433.114493747004,60.3447281647221,-0.0993020266629245
Crest,BandE_5k_10k,TotalEnergy,544.059333436943,426.882843010007,61.3987015114905,-0.104542486975693
Kurtosis,HighLowBandRatio,SpectralCentroid_Hz,544.100858677252,429.562964695601,67.710383576057,-0.10471110146223
Crest,BandE_5k_10k,Skewness,545.008651280965,427.861492915118,56.431267879969,-0.108400436411773
Kurtosis,BandE_5k_10k,TotalEnergy,547.127164903051,398.755260467901,69.2073733109626,-0.11703415336094
PeakAmp,Kurtosis,Bandwidth_Hz,547.350878206698,438.846845202861,61.8278965561985,-0.117947822088383
Crest,Kurtosis,Bandwidth_Hz,547.535853905365,410.434838422293,68.0710204835239,-0.118703564447764
ZeroCrossRate_Hz,TotalEnergy,Skewness,548.292310522676,424.056891828054,62.4890081293563,-0.121796824125534
BandE_5k_10k,HighLowBandRatio,ZeroCrossRate_Hz,550.348890684947,420.728300445812,65.2622924322894,-0.130228063504798
Crest,BandE_0k_5k,Bandwidth_Hz,550.569487028807,416.934710205,51.7713192993016,-0.131134303713736
Kurtosis,BandE_0k_5k,Bandwidth_Hz,552.970250324416,436.845074519985,73.7134074347693,-0.141020454149199
HighLowBandRatio,TotalEnergy,PeakToPeak,554.854540518744,447.930570720988,73.364036473502,-0.148809939473038
BandE_5k_10k,ZeroCrossRate_Hz,SpectralCentroid_Hz,555.717231452576,412.31222165022,63.9746484912338,-0.15238506883042
BandE_5k_10k,ZeroCrossRate_Hz,BandE_0k_5k,556.039104362976,431.475741303066,61.1399299185645,-0.153720384470752
Bandwidth_Hz,TotalEnergy,Skewness,558.232845953582,441.640453753133,66.7385453409625,-0.162841890780353
BandE_5k_10k,BandE_0k_5k,SpectralCentroid_Hz,558.795077053046,439.510947411986,57.5870705577929,-0.165185411459055
HighLowBandRatio,Bandwidth_Hz,SpectralCentroid_Hz,560.392925377848,451.710924774156,71.9569323596623,-0.171858524678283
HighLowBandRatio,ZeroCrossRate_Hz,PeakToPeak,560.72879441813,438.653159642245,62.8577713528002,-0.17326364215468
TotalEnergy,PeakToPeak,Skewness,562.873871686827,464.233368034333,66.9737046449991,-0.18225749127226
HighLowBandRatio,ZeroCrossRate_Hz,TotalEnergy,563.402113854258,443.581983609198,67.1229908940666,-0.184477566987167
Kurtosis,TotalEnergy,Skewness,565.082929875595,445.439654233222,76.2265131205174,-0.191555490780992
PeakAmp,HighLowBandRatio,Bandwidth_Hz,565.619558689832,407.790177912757,66.8577207799203,-0.193819677466112
ZeroCrossRate_Hz,TotalEnergy,PeakToPeak,565.712936861044,470.030840427136,64.6102392557014,-0.194213885545993
Kurtosis,HighLowBandRatio,PeakToPeak,566.126687199771,429.646227703584,69.8635539669467,-0.195961369320448
Kurtosis,PeakToPeak,Skewness,566.97694693259,443.678907444099,72.0903955279454,-0.199556470686962
Crest,HighLowBandRatio,BandE_0k_5k,567.009798568972,445.666885241729,72.9870334923777,-0.199695483515875
Kurtosis,Bandwidth_Hz,PeakToPeak,567.536658168858,441.285119576771,72.2922515356402,-0.201926008423772
Crest,BandE_0k_5k,PeakToPeak,567.587203094776,445.506870401732,57.3877468255623,-0.202140105488477
Kurtosis,BandE_5k_10k,Bandwidth_Hz,567.95832626843,429.895758935839,63.9411258207726,-0.203712684666271
ZeroCrossRate_Hz,PeakToPeak,Skewness,569.065111426767,469.430427888291,70.2480766393988,-0.208408625749596
BandE_0k_5k,Bandwidth_Hz,Skewness,569.297654763032,433.446659811699,61.517963392929,-0.209396438157442
HighLowBandRatio,ZeroCrossRate_Hz,Skewness,569.615985658043,441.72399560761,62.1446492191816,-0.210749318792707
ZeroCrossRate_Hz,BandE_0k_5k,Bandwidth_Hz,572.767071510137,445.993982847382,65.5927533093438,-0.224181974545559
BandE_5k_10k,Bandwidth_Hz,Skewness,573.29462869383,458.120943925275,67.4871363086871,-0.22643812177068
ZeroCrossRate_Hz,Bandwidth_Hz,PeakToPeak,573.447289610517,476.052485507992,68.7652293314747,-0.227091377834511
TotalEnergy,SpectralCentroid_Hz,Skewness,574.047910800656,475.840432675083,65.6856672140536,-0.229663202893764
HighLowBandRatio,BandE_0k_5k,Bandwidth_Hz,574.958005792566,449.012675182736,60.9684869292838,-0.233565307299401
Kurtosis,BandE_5k_10k,SpectralCentroid_Hz,575.182113657849,423.458951836492,72.1460626355102,-0.234527136033903
Crest,PeakAmp,HighLowBandRatio,575.567215529294,394.543437553894,70.6311849782701,-0.236180796162642
Crest,Kurtosis,PeakToPeak,578.436087653023,428.859514122535,75.1384025337334,-0.248534811559142
BandE_5k_10k,ZeroCrossRate_Hz,Bandwidth_Hz,578.768998318281,448.96206441193,68.5748133491069,-0.24997237804046
BandE_0k_5k,TotalEnergy,SpectralCentroid_Hz,579.630095191178,455.332347349871,67.5279278040862,-0.253694581572025
BandE_5k_10k,ZeroCrossRate_Hz,Skewness,580.11941384932,442.214892180234,60.647597814303,-0.255812191035804
Kurtosis,BandE_5k_10k,HighLowBandRatio,582.592562907801,416.624395133043,68.8819032753455,-0.26654250264701
BandE_5k_10k,SpectralCentroid_Hz,Skewness,583.139825729498,454.234419503829,62.8882753409811,-0.268923093190796
Kurtosis,BandE_0k_5k,SpectralCentroid_Hz,587.446972193769,442.700130863867,76.0185599647874,-0.287737180612506
BandE_5k_10k,HighLowBandRatio,Bandwidth_Hz,587.725972677989,424.216337621546,73.6937957325941,-0.288960659944328
Crest,Kurtosis,HighLowBandRatio,587.976481511002,431.508940149624,73.7946814472235,-0.290059692011587
Kurtosis,ZeroCrossRate_Hz,SpectralCentroid_Hz,588.869174796166,433.908700119659,69.9960481702916,-0.293979923136857
Crest,Kurtosis,ZeroCrossRate_Hz,589.702550984356,435.93714174401,73.8125224305529,-0.297645033032243
HighLowBandRatio,Bandwidth_Hz,TotalEnergy,591.843405766955,470.006137701361,74.3193703885218,-0.307084070795028
Bandwidth_Hz,TotalEnergy,SpectralCentroid_Hz,591.981690871918,462.917817559142,68.0704188805259,-0.307694946484272
BandE_5k_10k,BandE_0k_5k,Skewness,593.690462751358,485.289354332975,70.8127621760899,-0.315255239091959
BandE_0k_5k,PeakToPeak,SpectralCentroid_Hz,594.221543888643,466.722590328081,69.9950520199163,-0.317609394040119
Bandwidth_Hz,PeakToPeak,Skewness,594.429882393647,477.452695932593,71.6419704634873,-0.318533483368649
Bandwidth_Hz,TotalEnergy,PeakToPeak,595.717245669074,503.51457234652,74.3217838213787,-0.324250792364315
Kurtosis,HighLowBandRatio,Skewness,595.990318096556,437.351093250698,75.3959009902753,-0.325465124372482
TotalEnergy,PeakToPeak,SpectralCentroid_Hz,596.408881037137,486.179012953782,72.7140233491889,-0.327327521721779
ZeroCrossRate_Hz,Bandwidth_Hz,TotalEnergy,597.547146100743,464.137657248791,67.7572700853764,-0.332398848949989
HighLowBandRatio,BandE_0k_5k,Skewness,597.887593128122,489.856382378231,69.535919525435,-0.333917525595997
Bandwidth_Hz,PeakToPeak,SpectralCentroid_Hz,598.348446753266,487.2732582759,74.5341240931158,-0.335974693720635
Kurtosis,BandE_5k_10k,BandE_0k_5k,599.686091676075,468.545679786419,79.8039051904398,-0.34195467851721
Kurtosis,BandE_0k_5k,Skewness,600.633259703851,447.806597978416,69.9184139907399,-0.346197099218575
Kurtosis,BandE_0k_5k,TotalEnergy,602.128675852598,449.755606806689,78.715847795229,-0.352908785327289
Kurtosis,SpectralCentroid_Hz,Skewness,602.672395541206,447.760442976851,80.1650261827506,-0.355353230497482
Kurtosis,ZeroCrossRate_Hz,PeakToPeak,603.082789991947,459.666270723507,78.4113161907265,-0.357199735607348
PeakToPeak,SpectralCentroid_Hz,Skewness,603.825954250429,507.93542790829,78.9478502878792,-0.360546684988967
BandE_0k_5k,SpectralCentroid_Hz,Skewness,605.956244907298,460.516124203329,64.9254474534483,-0.370163603772046
BandE_0k_5k,TotalEnergy,Skewness,608.06165916641,484.10545637688,72.769542814713,-0.379701498996852
Kurtosis,BandE_5k_10k,Skewness,608.168842975271,452.330399160788,74.4021173478724,-0.380187945373365
Kurtosis,PeakToPeak,SpectralCentroid_Hz,608.459299615937,452.296519375784,77.075294612463,-0.381506593931014
BandE_0k_5k,Bandwidth_Hz,PeakToPeak,613.166422622885,484.133145574781,69.4846297514576,-0.402964315801275
BandE_0k_5k,Bandwidth_Hz,SpectralCentroid_Hz,613.356825196057,479.310494415849,69.3812398256052,-0.403835757813429
Kurtosis,HighLowBandRatio,ZeroCrossRate_Hz,614.858216621729,450.176906243876,79.3880851709439,-0.410716863669623
Kurtosis,HighLowBandRatio,TotalEnergy,616.143095648374,437.140679768018,77.3513530624529,-0.416619019229123
Kurtosis,ZeroCrossRate_Hz,Skewness,616.940225499588,461.154000482958,81.8731185082555,-0.42028686775774
Kurtosis,ZeroCrossRate_Hz,Bandwidth_Hz,620.573498275201,471.836839089707,79.574600998047,-0.437064780224918
HighLowBandRatio,SpectralCentroid_Hz,Skewness,621.205303257983,490.482789351569,80.6143372685962,-0.439992416934637
Kurtosis,Bandwidth_Hz,SpectralCentroid_Hz,621.217470755199,452.70949925126,77.5451687469931,-0.440048827513311
Kurtosis,BandE_0k_5k,PeakToPeak,622.273722898183,457.828827954353,81.372000465059,-0.444950002549583
HighLowBandRatio,PeakToPeak,SpectralCentroid_Hz,623.352547322845,495.866514695178,84.3198685328862,-0.44996451166396
Kurtosis,TotalEnergy,PeakToPeak,624.118484157294,467.288983379083,84.2309465264041,-0.453529953208923
PeakAmp,Kurtosis,HighLowBandRatio,624.359309608303,446.295026732845,75.4088003075405,-0.454651902168489
Bandwidth_Hz,SpectralCentroid_Hz,Skewness,624.742909792597,495.944339347569,76.8005989836667,-0.456439898745014
PeakAmp,HighLowBandRatio,Skewness,625.682788325354,473.464277637333,83.2192887199055,-0.460825402795864
HighLowBandRatio,Bandwidth_Hz,Skewness,632.472449742825,523.625110839399,79.9758200802948,-0.49270202119867
ZeroCrossRate_Hz,Bandwidth_Hz,Skewness,633.835415290755,527.675890131858,79.5040176613529,-0.499142439541323
HighLowBandRatio,TotalEnergy,Skewness,643.130357713074,516.551802886749,85.025246077934,-0.54343347733814
Kurtosis,BandE_5k_10k,ZeroCrossRate_Hz,643.98702356783,456.452996838391,81.3231257407858,-0.547548000465926
Kurtosis,TotalEnergy,SpectralCentroid_Hz,644.121976572733,519.213418770384,81.7069103289406,-0.54819667234288
PeakAmp,HighLowBandRatio,BandE_0k_5k,644.169565062691,408.654009946849,76.3929471503314,-0.548425445979309
HighLowBandRatio,BandE_0k_5k,PeakToPeak,649.995588749905,500.192861059213,87.8069607574697,-0.576560764993206
HighLowBandRatio,Bandwidth_Hz,PeakToPeak,651.481305921345,504.635120493443,86.0515465174775,-0.583776199698771
Kurtosis,Bandwidth_Hz,TotalEnergy,654.805719546923,473.739807064318,86.995782634694,-0.59998099549673
Kurtosis,HighLowBandRatio,BandE_0k_5k,656.340708023432,457.965763075704,83.101179285928,-0.607491103994011
HighLowBandRatio,BandE_0k_5k,SpectralCentroid_Hz,658.886278619474,474.47306752574,80.2019021189125,-0.619984363265783
BandE_5k_10k,BandE_0k_5k,Bandwidth_Hz,667.673929413189,533.168921529907,73.4933418667613,-0.663484402847926
BandE_5k_10k,HighLowBandRatio,BandE_0k_5k,673.833989892493,487.939635353615,87.6149315639678,-0.694321118250319
HighLowBandRatio,BandE_0k_5k,TotalEnergy,684.000125719212,504.909366643561,91.7024428385494,-0.745831233286166
ZeroCrossRate_Hz,BandE_0k_5k,Skewness,684.007597062043,550.991924927551,79.8345299328229,-0.745869372971869
BandE_5k_10k,HighLowBandRatio,Skewness,695.892629804787,472.754567003907,88.9652562652896,-0.807067476550642
Crest,Kurtosis,Skewness,707.844804486918,480.828538321648,91.6010095911764,-0.86967444994003
Kurtosis,HighLowBandRatio,Bandwidth_Hz,711.241427856961,456.667951769584,88.8749960444311,-0.88766092566042
HighLowBandRatio,PeakToPeak,Skewness,727.622817395792,542.383520698002,101.865884646388,-0.975615909725215
HighLowBandRatio,TotalEnergy,SpectralCentroid_Hz,736.986486544524,552.374636299843,100.387318231712,-1.02679089714527
